Compound ID	Smiles
EOAI10089186	CC1=CC=C(C)C(=C1)C1=NN2C=CN3C(=O)N(CC(=O)NCC4=CC=CC=C4)N=C3C2=C1
EOAI10403337	CC1=CC=C(C)C(=C1)C1=NN2C=CN3C(=O)NN=C3C2=C1
EOAI10403338	CC1=CC=C(C)C(=C1)C1=NN2C=CN3C(=O)N(CC(O)=O)N=C3C2=C1
EOAI10403357	CC1=CC=C(C)C(=C1)C1=NN2C=CN3C(=O)N(CC(=O)NCC4=CC=NC=C4)N=C3C2=C1
EOAI10403399	CN(CC1=CC=CC=C1)C(=O)CN1N=C2N(C=CN3N=C(C=C23)C2=CC(C)=CC=C2C)C1=O
EOAI10403402	CC1=CC=C(C)C(=C1)C1=NN2C=CN3C(=O)N(CC(=O)NCC4=NC=CC=N4)N=C3C2=C1
EOAI10403403	CC1=CC=C(C)C(=C1)C1=NN2C=CN3C(=O)N(CC(=O)NCC4=NC=CO4)N=C3C2=C1
EOAI10403404	CC1=CC=C(C)C(=C1)C1=NN2C=CN3C(=O)N(CC(=O)NC(C4CCCCC4)C4=CC(Cl)=CC(Cl)=C4)N=C3C2=C1
EOAI10404086	CC1=CC=C(C)C(=C1)C1=NN2C=CN3C(=O)N(CC(=O)NCC4=CC(CO)=NO4)N=C3C2=C1
EOAI10404087	CNC(=O)CN1N=C2N(C=CN3N=C(C=C23)C2=CC(C)=CC=C2C)C1=O
EOAI10404089	CC1=CC=C(C)C(=C1)C1=NN2C=CN3C(=O)N(CC(N)=O)N=C3C2=C1
EOAI10404681	CC1=CC=C(C)C(=C1)C1=NN2C=CN3C(=O)N(CC(=O)NCC4CC(F)(F)CN4C(=O)OC(C)(C)C)N=C3C2=C1
EOAI10404682	CC1=CC=C(C)C(=C1)C1=NN2C=CN3C(=O)N(CC(=O)NC4(CF)CCN(C4)C(=O)OC(C)(C)C)N=C3C2=C1
EOAI10404683	CN(C)CC1(CNC(=O)CN2N=C3N(C=CN4N=C(C=C34)C3=CC(C)=CC=C3C)C2=O)CC1
EOAI10404694	CN1CCN2N=CC(CNC(=O)CN3N=C4N(C=CN5N=C(C=C45)C4=CC(C)=CC=C4C)C3=O)=C2C1
EOAI10404695	CN1CCN2CCN(CC2C1)C(=O)CN1N=C2N(C=CN3N=C(C=C23)C2=CC(C)=CC=C2C)C1=O
EOAI10404696	CN(C)CC1=CSC(CNC(=O)CN2N=C3N(C=CN4N=C(C=C34)C3=CC(C)=CC=C3C)C2=O)=N1
EOAI10404697	CN(C)CC1=C2CN(CCN2N=C1)C(=O)CN1N=C2N(C=CN3N=C(C=C23)C2=CC(C)=CC=C2C)C1=O
EOAI10404698	CN(C)CCN(CC1=CN(C)N=C1)C(=O)CN1N=C2N(C=CN3N=C(C=C23)C2=CC(C)=CC=C2C)C1=O
EOAI10404699	CN(C)CCN(CC1=CC=CC=N1)C(=O)CN1N=C2N(C=CN3N=C(C=C23)C2=CC(C)=CC=C2C)C1=O
EOAI10404700	CN(C)CC1CN(CCO1)C(=O)CN1N=C2N(C=CN3N=C(C=C23)C2=CC(C)=CC=C2C)C1=O
EOAI10404701	CN(C)CC1(CNC(=O)CN2N=C3N(C=CN4N=C(C=C34)C3=CC(C)=CC=C3C)C2=O)CCC1
EOAI10404783	C[C\@H]1CCCC[C@@H]1OCCNC(=O)CN1N=C2N(C=CN3N=C(C=C23)C2=CC(C)=CC=C2C)C1=O
EOAI10404784	CC1CCCCC1OCCNC(=O)CN1N=C2N(C=CN3N=C(C=C23)C2=CC(C)=CC=C2C)C1=O
EOAI10404786	CN(C)CC(NC(=O)CN1N=C2N(C=CN3N=C(C=C23)C2=CC(C)=CC=C2C)C1=O)C1=CC=CC=C1
EOAI10404787	CN(C)CC(NC(=O)CN1N=C2N(C=CN3N=C(C=C23)C2=CC(C)=CC=C2C)C1=O)C1CCOCC1
EOAI10404788	CC1=CC(C2=NN3C=CN4C(=O)N(CC(=O)NCC56CC(C5)CN6C5CC5)N=C4C3=C2)=C(C)C=C1
EOAI10404789	CN(C)CC1=CC(CNC(=O)CN2N=C3N(C=CN4N=C(C=C34)C3=CC(C)=CC=C3C)C2=O)=NO1
EOAI10404790	CC1=CC=C(C)C(=C1)C1=NN2C=CN3C(=O)N(CC(=O)NCC4CN5CCN4CC5)N=C3C2=C1
EOAI10404791	CC1=CC=C(C)C(=C1)C1=NN2C=CN3C(=O)N(CC(=O)NCC45CCN(CC4)C5)N=C3C2=C1
EOAI10404792	CC1=CC=C(C)C(=C1)C1=NN2C=CN3C(=O)N(CC(=O)N4CCCC4C#N)N=C3C2=C1
EOAI10404793	CC1=CC=C(C)C(=C1)C1=NN2C=CN3C(=O)N(CC(=O)NC(CN4CCCC4)C4=CC=CC=C4)N=C3C2=C1
EOAI10404799	CC1=CC=C(C)C(=C1)C1=NN2C=CN3C(=O)N(CC(=O)NCC45CC(CO)(C4)CO5)N=C3C2=C1
EOAI10404800	CC1=CC(C2=NN3C=CN4C(=O)N(CC(=O)NCC5=CN=CC=N5)N=C4C3=C2)=C(C)C=C1
EOAI10404801	CC1=CC=C(C)C(=C1)C1=NN2C=CN3C(=O)N(CC(=O)N4CCN5N=CN=C5C4)N=C3C2=C1
EOAI10404802	CC1=CC(C2=NN3C=CN4C(=O)N(CC(=O)NCC5=NN=CS5)N=C4C3=C2)=C(C)C=C1
EOAI10404803	CC1=CC(C2=NN3C=CN4C(=O)N(CC(=O)NCC5=CC=NN=C5)N=C4C3=C2)=C(C)C=C1
EOAI10404804	CC1=CC(C2=NN3C=CN4C(=O)N(CC(=O)NCC5=CC=CN=N5)N=C4C3=C2)=C(C)C=C1
EOAI10404805	CC1=CC(C2=NN3C=CN4C(=O)N(CC(=O)NCC5=CN(N=N5)C5COC5)N=C4C3=C2)=C(C)C=C1
EOAI10404806	CC1=CC(C2=NN3C=CN4C(=O)N(CC(=O)NCC5=CN=CC(=O)N5)N=C4C3=C2)=C(C)C=C1
EOAI10404807	CC1=CC=C(C)C(=C1)C1=NN2C=CN3C(=O)N(CC(=O)N4CC5=CN=NC=C5C4)N=C3C2=C1
EOAI10404808	CC1=NON=C1CNC(=O)CN1N=C2N(C=CN3N=C(C=C23)C2=C(C)C=CC(C)=C2)C1=O
EOAI10404809	CC(=O)N1CC2(C1)CCN(C2)C(=O)CN1N=C2N(C=CN3N=C(C=C23)C2=CC(C)=CC=C2C)C1=O
EOAI10404810	CC(=O)N1CCC(CNC(=O)CN2N=C3N(C=CN4N=C(C=C34)C3=CC(C)=CC=C3C)C2=O)C1
EOAI10404811	CN1C(=O)COC11CN(C1)C(=O)CN1N=C2N(C=CN3N=C(C=C23)C2=CC(C)=CC=C2C)C1=O
EOAI10404812	CC1=CC(C2=NN3C=CN4C(=O)N(CC(=O)NCC5=CN=CN=C5)N=C4C3=C2)=C(C)C=C1
EOAI10404814	CC1=CC(C2=NN3C=CN4C(=O)N(CC(=O)NCC5=CC=NC=N5)N=C4C3=C2)=C(C)C=C1
EOAI10404815	CC1=CC=C(C)C(=C1)C1=NN2C=CN3C(=O)N(CC(=O)N4CCC5=NC=NC=C5C4)N=C3C2=C1
EOAI10404816	CC1=CC(C2=NN3C=CN4C(=O)N(CC(=O)NCC5=NOC=C5)N=C4C3=C2)=C(C)C=C1
EOAI10404817	CC1=NN2CCN(CC2=N1)C(=O)CN1N=C2N(C=CN3N=C(C=C23)C2=CC(C)=CC=C2C)C1=O
EOAI10404818	CC1=NOC(CNC(=O)CN2N=C3N(C=CN4N=C(C=C34)C3=C(C)C=CC(C)=C3)C2=O)=N1
EOAI10404819	CC1=CC(C2=NN3C=CN4C(=O)N(CC(=O)NCC56CC(C5)OC6)N=C4C3=C2)=C(C)C=C1
EOAI10404820	CC1=CC=C(C)C(=C1)C1=NN2C=CN3C(=O)N(CC(=O)N4CCC5=NN=CC=C5C4)N=C3C2=C1
EOAI10404821	CC1=CC(C2=NN3C=CN4C(=O)N(CC(=O)N5CCCN6N=NC=C6C5)N=C4C3=C2)=C(C)C=C1
EOAI10404822	COCC1=NOC(CNC(=O)CN2N=C3N(C=CN4N=C(C=C34)C3=CC(C)=CC=C3C)C2=O)=N1
EOAI10404823	CN1N=C(CNC(=O)CN2N=C3N(C=CN4N=C(C=C34)C3=CC(C)=CC=C3C)C2=O)OC1=O
EOAI10404824	CC1=CC(C2=NN3C=CN4C(=O)N(CC(=O)NCC56CC(C5)C6)N=C4C3=C2)=C(C)C=C1
EOAI10404825	CC(=O)N1CCCC1CNC(=O)CN1N=C2N(C=CN3N=C(C=C23)C2=CC(C)=CC=C2C)C1=O
EOAI10404826	CC1=CC(C2=NN3C=CN4C(=O)N(CC(=O)NCC5=NOCC5)N=C4C3=C2)=C(C)C=C1
EOAI10404841	CC(NC(=O)CN1N=C2N(C=CN3N=C(C=C23)C2=CC(C)=CC=C2C)C1=O)C1=NOC=N1
